CREATE DATABASE  IF NOT EXISTS `dataprocessing` /*!40100 DEFAULT CHARACTER SET latin1 */;
USE `dataprocessing`;
-- MySQL dump 10.13  Distrib 8.0.25, for Win64 (x86_64)
--
-- Host: 127.0.0.1    Database: dataprocessing
-- ------------------------------------------------------
-- Server version	5.7.31

/*!40101 SET @OLD_CHARACTER_SET_CLIENT=@@CHARACTER_SET_CLIENT */;
/*!40101 SET @OLD_CHARACTER_SET_RESULTS=@@CHARACTER_SET_RESULTS */;
/*!40101 SET @OLD_COLLATION_CONNECTION=@@COLLATION_CONNECTION */;
/*!50503 SET NAMES utf8 */;
/*!40103 SET @OLD_TIME_ZONE=@@TIME_ZONE */;
/*!40103 SET TIME_ZONE='+00:00' */;
/*!40014 SET @OLD_UNIQUE_CHECKS=@@UNIQUE_CHECKS, UNIQUE_CHECKS=0 */;
/*!40014 SET @OLD_FOREIGN_KEY_CHECKS=@@FOREIGN_KEY_CHECKS, FOREIGN_KEY_CHECKS=0 */;
/*!40101 SET @OLD_SQL_MODE=@@SQL_MODE, SQL_MODE='NO_AUTO_VALUE_ON_ZERO' */;
/*!40111 SET @OLD_SQL_NOTES=@@SQL_NOTES, SQL_NOTES=0 */;

--
-- Table structure for table `country`
--

DROP TABLE IF EXISTS `country`;
/*!40101 SET @saved_cs_client     = @@character_set_client */;
/*!50503 SET character_set_client = utf8mb4 */;
CREATE TABLE `country` (
  `id` int(11) NOT NULL AUTO_INCREMENT,
  `countryName` text NOT NULL,
  PRIMARY KEY (`id`)
) ENGINE=MyISAM AUTO_INCREMENT=232 DEFAULT CHARSET=latin1;
/*!40101 SET character_set_client = @saved_cs_client */;

--
-- Dumping data for table `country`
--

LOCK TABLES `country` WRITE;
/*!40000 ALTER TABLE `country` DISABLE KEYS */;
INSERT INTO `country` VALUES (209,'nederland'),(2,'Afghanistan'),(3,'Albania'),(4,'Algeria'),(5,'Andorra'),(6,'Angola'),(7,'Antigua and Barbuda'),(8,'Argentina'),(9,'Armenia'),(10,'Australia'),(11,'Austria'),(12,'Azerbaijan'),(13,'Bahamas'),(14,'Bahrain'),(15,'Bangladesh'),(16,'Barbados'),(17,'Belarus'),(18,'Belgium'),(19,'Belize'),(20,'Benin'),(21,'Bhutan'),(22,'Bolivia (Plurinational State of)'),(23,'Bosnia and Herzegovina'),(24,'Botswana'),(25,'Brazil'),(26,'Brunei Darussalam'),(27,'Bulgaria'),(28,'Burkina Faso'),(29,'Burundi'),(30,'Cabo Verde'),(31,'Cambodia'),(32,'Cameroon'),(33,'Canada'),(34,'Central African Republic'),(35,'Chad'),(36,'Chile'),(37,'China'),(38,'Colombia'),(39,'Comoros'),(40,'Congo'),(41,'Congo (Democratic Republic of the)'),(42,'Costa Rica'),(43,'Croatia'),(44,'Cuba'),(45,'Cyprus'),(46,'Czechia'),(47,'CÇïte d\'Ivoire'),(48,'Denmark'),(49,'Djibouti'),(50,'Dominica'),(51,'Dominican Republic'),(52,'Ecuador'),(53,'Egypt'),(54,'El Salvador'),(55,'Equatorial Guinea'),(56,'Eritrea'),(57,'Estonia'),(58,'Eswatini (Kingdom of)'),(59,'Ethiopia'),(60,'Fiji'),(61,'Finland'),(62,'France'),(63,'Gabon'),(64,'Gambia'),(65,'Georgia'),(66,'Germany'),(67,'Ghana'),(68,'Greece'),(69,'Grenada'),(70,'Guatemala'),(71,'Guinea'),(72,'Guinea-Bissau'),(73,'Guyana'),(74,'Haiti'),(75,'Honduras'),(76,'Hong Kong; China (SAR)'),(77,'Hungary'),(78,'Iceland'),(79,'India'),(80,'Indonesia'),(81,'Iran (Islamic Republic of)'),(82,'Iraq'),(83,'Ireland'),(84,'Israel'),(85,'Italy'),(86,'Jamaica'),(87,'Japan'),(88,'Jordan'),(89,'Kazakhstan'),(90,'Kenya'),(91,'Kiribati'),(92,'Korea (Republic of)'),(93,'Kuwait'),(94,'Kyrgyzstan'),(95,'Lao People\'s Democratic Republic'),(96,'Latvia'),(97,'Lebanon'),(98,'Lesotho'),(99,'Liberia'),(100,'Libya'),(101,'Liechtenstein'),(102,'Lithuania'),(103,'Luxembourg'),(104,'Madagascar'),(105,'Malawi'),(106,'Malaysia'),(107,'Maldives'),(108,'Mali'),(109,'Malta'),(110,'Marshall Islands'),(111,'Mauritania'),(112,'Mauritius'),(113,'Mexico'),(114,'Micronesia (Federated States of)'),(115,'Moldova (Republic of)'),(116,'Mongolia'),(117,'Montenegro'),(118,'Morocco'),(119,'Mozambique'),(120,'Myanmar'),(121,'Namibia'),(122,'Nauru'),(123,'Nepal'),(124,'Netherlands'),(125,'New Zealand'),(126,'Nicaragua'),(127,'Niger'),(128,'Nigeria'),(129,'North Macedonia'),(130,'Norway'),(131,'Oman'),(132,'Pakistan'),(133,'Palau'),(134,'Palestine; State of'),(135,'Panama'),(136,'Papua New Guinea'),(137,'Paraguay'),(138,'Peru'),(139,'Philippines'),(140,'Poland'),(141,'Portugal'),(142,'Qatar'),(143,'Romania'),(144,'Russian Federation'),(145,'Rwanda'),(146,'Saint Kitts and Nevis'),(147,'Saint Lucia'),(148,'Saint Vincent and the Grenadines'),(149,'Samoa'),(150,'Sao Tome and Principe'),(151,'Saudi Arabia'),(152,'Senegal'),(153,'Serbia'),(154,'Seychelles'),(155,'Sierra Leone'),(156,'Singapore'),(157,'Slovakia'),(158,'Slovenia'),(159,'Solomon Islands'),(160,'South Africa'),(161,'South Sudan'),(162,'Spain'),(163,'Sri Lanka'),(164,'Sudan'),(165,'Suriname'),(166,'Sweden'),(167,'Switzerland'),(168,'Syrian Arab Republic'),(169,'Tajikistan'),(170,'Tanzania (United Republic of)'),(171,'Thailand'),(172,'Timor-Leste'),(173,'Togo'),(174,'Tonga'),(175,'Trinidad and Tobago'),(176,'Tunisia'),(177,'Turkey'),(178,'Turkmenistan'),(179,'Tuvalu'),(180,'Uganda'),(181,'Ukraine'),(182,'United Arab Emirates'),(183,'United Kingdom'),(184,'United States'),(185,'Uruguay'),(186,'Uzbekistan'),(187,'Vanuatu'),(188,'Venezuela (Bolivarian Republic of)'),(189,'Viet Nam'),(190,'Yemen'),(191,'Zambia'),(192,'Zimbabwe'),(193,'Human Development'),(194,'Very high human development'),(195,'High human development'),(196,'Medium human development'),(197,'Low human development'),(198,'Developing Countries'),(199,'Regions'),(200,'Arab States'),(201,'East Asia and the Pacific'),(202,'Europe and Central Asia'),(203,'Latin America and the Caribbean'),(204,'South Asia'),(205,'Sub-Saharan Africa'),(206,'Least Developed Countries'),(207,'Small Island Developing States'),(208,'Organization for Economic Co-operation and Development'),(212,'duitsland'),(211,'nederland'),(213,'duitsland'),(214,'bramLand'),(215,'bramLand'),(216,'bramLand'),(217,'nieuwLandje'),(218,'nieuwLandje'),(219,'nieuwLandje'),(220,'nieuwLandje'),(221,'nieuwLandje'),(222,'nogeenlandje'),(223,'nogeenlandje2'),(224,'nogeenlandje2'),(225,'nogeenlandje2'),(226,'nogeenlandje2'),(227,'testLandje'),(228,'nogeenlandje2'),(229,'nogeenlandje90'),(230,'nogeenland'),(231,'nogeenland');
/*!40000 ALTER TABLE `country` ENABLE KEYS */;
UNLOCK TABLES;

--
-- Table structure for table `femalegnibycountry`
--

DROP TABLE IF EXISTS `femalegnibycountry`;
/*!40101 SET @saved_cs_client     = @@character_set_client */;
/*!50503 SET character_set_client = utf8mb4 */;
CREATE TABLE `femalegnibycountry` (
  `id` int(11) NOT NULL AUTO_INCREMENT,
  `countryId` int(11) NOT NULL,
  `1995` int(11) DEFAULT NULL,
  `2000` int(11) DEFAULT NULL,
  `2005` int(11) DEFAULT NULL,
  `2010` int(11) DEFAULT NULL,
  `2011` int(11) DEFAULT NULL,
  `2012` int(11) DEFAULT NULL,
  `2013` int(11) DEFAULT NULL,
  `2014` int(11) DEFAULT NULL,
  `2015` int(11) DEFAULT NULL,
  `2016` int(11) DEFAULT NULL,
  `2017` int(11) DEFAULT NULL,
  `2018` int(11) DEFAULT NULL,
  PRIMARY KEY (`id`),
  KEY `countryId` (`countryId`)
) ENGINE=MyISAM AUTO_INCREMENT=207 DEFAULT CHARSET=latin1;
/*!40101 SET character_set_client = @saved_cs_client */;

--
-- Dumping data for table `femalegnibycountry`
--

LOCK TABLES `femalegnibycountry` WRITE;
/*!40000 ALTER TABLE `femalegnibycountry` DISABLE KEYS */;
INSERT INTO `femalegnibycountry` VALUES (1,1,692,445,665,963,944,1044,1082,1088,1096,1099,1112,1102),(2,2,3032,3865,5321,7446,7672,8366,8374,8379,9115,9186,9423,9780),(3,3,1820,2063,2738,3654,3855,4081,4182,4059,4072,4186,4093,4104),(4,4,2424,2621,3828,4922,4902,5185,5329,5494,5462,5136,5054,4720),(5,5,9107,9352,8684,12214,12778,12676,12797,12317,12671,12406,12680,12085),(6,6,1574,1766,3511,4344,5069,5431,5599,5701,5911,5682,6193,6341),(7,7,21060,25310,28355,31708,32083,33196,33768,34196,34832,35366,35586,35897),(8,8,23695,24132,26373,33291,30325,30569,30646,34593,30603,31404,31931,32617),(9,9,2625,3430,4456,10466,9578,9260,9835,11253,11048,9780,9881,9850),(10,10,24513,25827,25458,23499,23423,24105,23833,23051,23043,22181,22649,22827),(11,11,1995,2000,2005,2010,2011,2012,2013,2014,2015,2016,2017,2018),(12,12,533,650,813,1223,1309,1410,1668,1757,1880,2011,2210,2373),(13,13,10174,11827,12334,13366,12781,13166,13279,13457,13416,13541,13780,13686),(14,14,4353,6196,9168,12850,13237,13519,13473,13986,13201,13061,13515,13923),(15,15,22625,27009,29283,32583,31936,32278,32670,32745,33214,33629,34453,34929),(16,16,2907,3428,4213,4794,4959,5576,5488,5505,5704,5782,5609,5665),(17,17,1052,1271,1406,1588,1573,1595,1664,1727,1714,1742,1791,1863),(18,18,1678,2493,3397,5036,5296,5725,5274,5325,5731,6023,6284,6388),(19,19,2779,3052,3272,3555,3740,3705,3923,4287,4514,4807,4751,4901),(20,20,1057,4634,5655,6691,7293,6805,7113,7277,7579,7784,8123,8433),(21,21,7052,7834,7906,10824,12236,12776,13520,13966,13609,13588,13826,14177),(22,22,7409,7814,9796,10876,11888,12484,11715,12120,12689,10186,10366,10432),(23,23,53203,56916,58788,59977,65948,66291,65440,64469,67488,65897,66138,65913),(24,24,6699,6605,9992,11942,12192,12428,12540,12933,13206,14102,15016,15622),(25,25,706,815,921,1056,1084,1149,1192,1202,1209,1239,1287,1336),(26,26,727,643,601,670,843,859,879,886,827,796,774,763),(27,27,1557,2602,3310,4489,4660,4704,4757,4708,4813,4995,5151,5523),(28,28,920,1405,1567,2056,2060,2300,2420,2530,2649,2830,2976,3128),(29,29,1819,1971,2218,2347,2377,2407,2460,2566,2628,2672,2693,2724),(30,30,22372,26805,30528,31599,32544,32842,33473,33921,33905,34274,35012,35120),(31,31,685,653,648,796,819,856,542,541,562,584,605,622),(32,32,791,741,1147,1465,1429,1510,1511,1572,1599,1470,1392,1377),(33,33,6175,7743,9421,11768,12750,13586,14078,14429,14733,14929,14801,15212),(34,34,1973,2855,4383,7511,8141,8796,9368,10086,10658,11294,11983,12665),(35,35,5629,5894,6366,8243,8773,9095,9522,9607,10254,10362,10270,10235),(36,36,1430,1485,1562,1748,1791,1801,1854,1863,1847,1859,1877,1812),(37,37,3287,2943,2460,3483,3410,4065,4371,5088,6539,5798,5210,4989),(38,38,600,483,497,547,556,568,571,608,640,679,673,684),(39,39,4773,5553,7576,8910,9403,10044,10097,10014,10429,10225,10396,10565),(40,40,8988,12295,16223,16853,16547,16287,16609,16876,17677,17869,18853,19442),(41,41,1891,2308,3074,4347,4487,4582,4703,4734,4921,4922,4989,5035),(42,42,15907,18387,22665,26014,26670,24593,23297,23805,26213,26312,26951,27792),(43,43,13864,15197,17835,18774,19604,19840,19987,20241,21420,22148,23255,24114),(44,44,1570,1608,1596,1177,1110,1222,1301,1423,1522,1671,1701,1790),(45,45,27635,32357,35323,36962,37919,38064,38794,39155,39378,40102,40607,41027),(46,46,1204,1145,1350,1907,1999,2070,2229,2374,2575,2741,2803,2900),(47,47,3250,4493,5360,7194,7753,8030,8185,8614,9554,10144,10504,11175),(48,48,4649,4403,5305,6155,6493,6881,7059,7083,7242,7321,7370,7319),(49,49,2465,2587,2911,3630,4541,4609,4143,4230,4383,4195,4243,4365),(50,50,3153,3592,3822,4733,4898,4891,5330,5133,5140,5177,5117,5234),(51,51,1318,6502,14636,15601,16119,17362,16826,16400,16918,15356,14097,12783),(52,52,1675,1900,1788,1591,1708,1289,1321,1331,1338,1336,1373,1404),(53,53,8672,11784,17473,16564,17877,18788,19456,19722,20402,21066,22147,22999),(54,54,4063,3967,4537,5086,5472,5753,6702,6798,6883,7016,7027,7029),(55,55,418,466,498,784,849,898,966,1040,1120,1199,1281,1332),(56,56,3354,3583,4611,4933,5156,5117,5421,5368,5449,5449,5594,5838),(57,57,21034,27419,31554,34074,33532,34235,32779,32869,33335,34119,34519,35066),(58,58,22557,25753,27908,30509,31127,31262,31443,31299,31511,31763,32506,33005),(59,59,12225,10363,10786,9639,9605,10488,10899,11920,11607,11584,11485,11240),(60,60,879,957,980,781,725,752,773,745,771,757,771,800),(61,61,1379,2409,3046,4287,4696,5166,5480,5760,5956,5953,6217,6504),(62,62,23450,26237,28085,32532,34620,34660,35228,35821,36446,37188,37979,38467),(63,63,1645,1803,2048,2513,2744,2848,3062,3022,2998,3014,3169,3287),(64,64,12938,15947,21216,21332,19374,18848,18219,19126,19127,19223,19508,19749),(65,65,2961,3632,3866,4138,3940,4707,4522,4574,4795,4736,4806,4864),(66,66,1112,1179,1150,1290,1331,1394,1430,1485,1516,1662,1864,1878),(67,67,1205,1040,1039,1157,1235,1180,1159,1203,1237,1283,1293,1305),(68,68,1838,2225,2306,3286,3543,3781,3974,4154,4285,4462,4583,4676),(69,69,1288,1383,1227,1241,1301,1326,1362,1388,1385,1388,1386,1388),(70,70,1742,1808,2494,2835,2699,2630,2787,2884,2903,3015,3127,3214),(71,71,20908,23069,29330,36818,37207,37838,38849,41072,41115,40384,42573,43851),(72,72,10828,12823,17208,17023,17258,17025,17778,18437,18810,19436,19905,21011),(73,73,22545,27185,31165,26613,28325,29701,33579,33735,35088,36950,38820,39244),(74,74,928,1147,1514,1783,1780,1772,1875,2008,2159,2331,2493,2625),(75,75,3638,3201,3806,5343,5663,5991,6153,6300,6833,6997,7353,7673),(76,76,2317,3280,5068,5568,5487,4910,4707,4712,4961,6062,6165,5809),(77,77,1029,2166,2375,3166,3232,3549,3639,3563,3540,3923,3754,3712),(78,78,14920,22984,28411,28563,28836,28632,30411,32817,36395,40779,42534,44917),(79,79,16602,18719,20232,20877,21685,21676,22723,23452,23796,23760,24032,24617),(80,80,19365,22536,24415,25977,26241,25847,24699,24694,24618,25297,26009,26473),(81,81,6046,5533,5832,5999,6103,6164,6153,6151,6110,6144,6274,6326),(82,82,21638,22743,24495,23821,24200,24718,25810,26380,26960,27447,28389,28781),(83,83,1457,1711,2058,2812,2770,2668,2505,2471,2448,2700,2713,2734),(84,84,6998,7090,10957,13428,13878,14817,16233,16182,17236,16399,16382,16491),(85,85,1748,1737,1740,2020,2101,2138,2201,2265,2354,2457,2520,2619),(86,86,8876,11344,14176,18707,19392,20017,20495,20921,21256,22080,22725,23227),(87,87,48503,43795,53496,48287,50616,52935,52005,51641,50253,51183,50194,49075),(88,88,1217,1421,1597,1769,1780,1857,1912,1991,2088,2067,2121,2192),(89,89,1755,2076,2629,3152,3321,3585,3844,4118,4357,4584,4769,5027),(90,90,6311,8466,13274,15476,16366,17181,17801,18143,18806,19677,20632,21857),(91,91,3731,4031,3605,5683,5563,5417,5229,5003,4844,4798,4861,4668),(92,92,1604,1676,1948,2471,2466,2519,2517,2528,2614,2724,2633,2641),(93,93,204,993,721,1007,1082,1099,1171,1153,1141,1097,1095,1051),(94,94,5540,6192,7876,10744,4564,9299,4742,3909,3831,3751,4580,4866),(95,95,7055,9531,14327,17894,18937,20174,20832,22066,22233,23103,24432,25667),(96,96,39151,52078,59206,54237,51063,50385,48832,50995,49110,49614,52288,53010),(97,97,1113,1182,1142,1105,1087,1072,1062,1065,1051,1065,1094,1119),(98,98,685,735,715,896,910,844,854,882,883,901,918,925),(99,99,8414,9020,10522,14205,15104,15777,16886,17813,18741,19354,20259,20821),(100,100,3318,5338,4966,6093,6495,6488,6705,7026,6834,6931,7137,7453),(101,101,959,1078,1259,1364,1097,1048,1052,1095,1210,1269,1311,1311),(102,102,8967,11973,12689,15238,16168,17056,19202,21014,22672,22942,24060,25026),(103,103,1298,1380,1556,1759,1759,1802,1876,1924,1930,1945,1982,2018),(104,104,4860,6223,7460,9031,9273,10217,11707,12180,12838,12905,13743,14261),(105,105,6907,8869,9460,10061,10403,10704,10624,10718,10937,11094,11166,11253),(106,106,2654,2456,3712,4428,4686,4808,5250,5432,5312,5483,5705,5885),(107,107,3203,4027,4904,5852,6507,7636,7885,9361,9357,9228,8863,9666),(109,109,1448,1767,2291,2803,2899,2883,2990,2947,3000,2942,2963,3012),(110,110,340,510,655,838,886,928,963,993,1014,1019,1020,1031),(111,111,639,894,1526,2556,2673,2726,2950,3125,3137,3278,3414,3613),(112,112,4672,4942,5926,7009,7352,7505,8415,9044,9272,9330,8983,8917),(113,113,1092,1076,1306,1598,1642,1716,1775,1882,1924,1912,2030,2113),(114,114,24227,31823,34300,36913,37970,37626,37328,36931,37843,37966,39688,40572),(115,115,17585,19967,23004,22713,23242,23869,24368,24957,25671,26302,26398,26757),(116,116,1245,1701,2155,2197,2314,2436,2534,3987,4144,4303,4476,4277),(118,118,2074,2066,2822,3969,4103,4208,4407,4643,4687,4511,4404,4313),(119,119,4924,5429,6011,8308,8638,8470,8880,8966,9167,9150,9216,9464),(120,120,38399,44906,50499,55320,55363,56291,56429,58286,58809,58981,59813,60283),(121,121,9164,13399,13262,14225,12897,12979,12832,12041,12356,12414,11733,11435),(122,122,658,629,913,1262,1268,1299,1318,1323,1456,1479,1513,1570),(123,123,898,938,1123,1335,1591,1663,1666,1782,1744,1808,1805,1824),(124,124,6105,7232,7987,10245,11379,12788,12951,13413,14267,15001,15800,16107),(125,125,2386,2073,2050,2496,2519,2579,2483,3053,3300,3362,3323,3248),(126,126,5236,4087,4589,6081,6685,6797,7202,7294,7624,7711,8088,8326),(127,127,3894,4029,4718,6463,6891,7361,7871,8158,8155,8549,8587,8840),(128,128,3008,3679,4391,5240,5308,5575,5953,6232,6454,7039,7203,7541),(129,129,8359,11088,12532,16683,17505,17825,17801,18375,19096,19868,20731,21877),(130,130,15828,18898,21081,22354,21597,21037,21043,21302,21835,22411,23163,23628),(131,131,27886,45709,36864,41815,48151,51747,54095,55653,57751,59420,58668,57196),(132,132,8061,8006,11247,13699,14103,14586,15241,16265,16533,17137,18656,19488),(133,133,9777,10738,15014,18251,19024,19637,19783,19575,19163,19224,19521,19968),(134,134,591,686,909,1248,1258,1331,1355,1416,1502,1552,1611,1708),(135,135,6059,6650,7112,8685,9384,9073,9000,8561,8221,8761,9244,9086),(136,136,4002,4501,6011,6965,7274,7326,7296,7689,8227,8491,8480,8615),(137,137,1819,2257,3054,3713,3868,3761,3656,3570,3663,3892,3948,3955),(138,138,942,985,1265,1633,1608,1612,1755,1787,1808,1882,1929,1885),(139,139,9243,10299,13991,14358,16880,18254,17652,18248,18180,18762,18196,18169),(140,140,1104,1270,1477,1699,1688,1749,1772,1859,1944,2003,2091,2172),(141,141,5191,5628,7576,11024,10812,10602,11220,10903,11081,11528,11772,12551),(142,142,758,756,895,1089,1103,1301,1480,1490,1163,1097,1220,1238),(143,143,29558,34833,40351,54468,63557,64012,65753,68933,69393,70026,72553,74594),(144,144,9760,11639,14549,18461,18232,18936,19753,20110,21057,22014,22784,23684),(145,145,14176,17326,23681,24905,25167,24516,23538,24492,24886,26081,27557,28833),(146,146,1091,1344,1255,1065,1152,1431,1522,1527,1568,1532,1525,1569),(147,147,6414,7133,7981,8818,9041,9240,9294,9323,9204,9082,9123,9036),(149,149,15336,19245,22545,24192,24114,23689,23658,23986,25237,26729,27374,28085),(150,150,2366,2938,3688,4678,5134,5366,5754,6037,6400,6386,6619,6766),(151,151,807,929,1025,1290,1455,1583,1143,1623,1699,1757,1820,1759),(152,152,5166,5267,7012,9130,9321,9732,10156,10171,9722,8519,7752,7953),(153,153,25225,29658,33562,36632,37279,38450,38628,39261,40332,40739,41396,41923),(154,154,33472,39563,43361,45863,44212,47458,47947,47478,48627,48276,47481,49279),(155,155,1622,1481,1474,1551,1449,1132,865,684,634,614,642,657),(156,156,806,759,1124,878,918,952,999,969,947,964,984,1044),(157,157,1189,1278,1606,1929,2009,2231,2296,2163,2224,2298,2383,2436),(158,158,6976,6913,8444,10895,11675,12206,12302,12342,12811,13308,13817,14320),(159,159,3066,2764,955,5268,5175,3039,2978,2710,3984,6049,5372,5389),(160,160,975,1057,990,990,1060,1058,1099,1139,1158,1164,1178,1200),(161,161,2709,2783,3266,3444,3540,3601,3410,3442,3589,3844,3952,3816),(162,162,7420,10758,17544,23133,21429,22127,23467,22934,24225,22620,22415,22266),(163,163,2231,2910,3539,4485,4316,4544,4630,4734,4734,4717,4702,4737),(164,164,5704,6006,6638,10245,11481,12095,13009,13385,14252,14728,15796,15920),(165,165,3218,3493,4230,6595,7320,7997,8710,9376,10135,10937,11263,11745),(166,166,708,824,971,1117,1187,1190,1187,1210,1237,1252,1253,1273),(167,167,3941,3445,5317,6010,6113,6242,6292,6178,5605,5769,5822,6063),(168,168,28376,31054,29495,18427,18951,19400,20320,21139,22366,23284,23975,24212),(169,169,19788,24606,29174,25169,25464,25564,25686,26358,27230,27551,28294,28525),(170,170,29652,34938,38255,39951,40302,40766,41145,41918,42658,42986,43866,44462),(171,171,7633,9041,9015,11850,12691,12668,13260,13597,13982,14698,14858,14902),(172,172,1566,1742,2170,3185,3378,3615,3878,4033,4161,4308,4464,4657),(173,173,1780,1973,1786,2214,2200,2118,2207,2196,2084,2125,2192,2185),(174,174,9264,9010,9617,12756,12778,13288,13270,12977,11398,9339,7827,6655),(175,175,1601,2240,3034,3766,3958,4216,4429,4634,4910,5200,5455,5739),(176,176,552,970,842,808,761,592,467,411,328,238,182,168),(177,177,1534,1636,1858,2580,2695,2921,2896,3015,3024,3035,2985,3011),(178,178,2003,2143,1484,1443,1590,1845,1915,1933,1905,1922,1986,2280),(191,191,18372,21334,24201,26290,26907,27283,27639,28091,28559,28987,29699,30170),(192,192,3250,3901,5200,7406,7913,8387,8642,9068,9476,9666,10068,10459),(193,193,1015,1237,1598,1960,1988,2033,2148,2263,2400,2538,2669,2787),(194,194,1104,1132,1348,1738,1784,1792,1825,1914,1947,1932,1933,1928),(195,195,2472,2883,3692,5011,5309,5550,5728,5981,6233,6363,6598,6804),(197,197,2882,3340,3998,4643,5049,5341,5106,5211,5290,5373,5333,5339),(198,198,2468,3140,4458,7091,7642,8187,8654,9214,9725,10250,10819,11384),(199,199,4093,4342,5667,7907,8404,8751,9284,9504,9782,9921,10377,10587),(200,200,6409,7071,8068,9416,9990,10388,10223,10388,10673,9813,9848,9836),(201,201,955,1164,1563,1868,1876,1861,1956,2063,2211,2394,2538,2639),(202,202,1723,1800,2069,2519,2588,2619,2699,2774,2800,2765,2762,2752),(203,203,780,878,1056,1406,1453,1489,1552,1620,1662,1703,1764,1807),(204,204,4966,5913,6929,9352,10261,10251,10537,10950,11316,11464,11746,12022),(205,205,19800,23127,25590,27205,27700,28013,28329,28812,29358,29829,30547,31015),(206,206,6108,6949,8053,9345,9651,9870,10041,10303,10560,10717,11012,11246);
/*!40000 ALTER TABLE `femalegnibycountry` ENABLE KEYS */;
UNLOCK TABLES;

--
-- Table structure for table `gdptotalbycountry`
--

DROP TABLE IF EXISTS `gdptotalbycountry`;
/*!40101 SET @saved_cs_client     = @@character_set_client */;
/*!50503 SET character_set_client = utf8mb4 */;
CREATE TABLE `gdptotalbycountry` (
  `id` int(11) DEFAULT NULL,
  `countryId` int(11) DEFAULT NULL,
  `1990` double DEFAULT NULL,
  `1995` double DEFAULT NULL,
  `2000` double DEFAULT NULL,
  `2005` double DEFAULT NULL,
  `2010` double DEFAULT NULL,
  `2011` double DEFAULT NULL,
  `2012` double DEFAULT NULL,
  `2013` double DEFAULT NULL,
  `2014` double DEFAULT NULL,
  `2015` double DEFAULT NULL,
  `2016` double DEFAULT NULL,
  `2017` double DEFAULT NULL,
  `2018` double DEFAULT NULL
) ENGINE=MyISAM DEFAULT CHARSET=latin1;
/*!40101 SET character_set_client = @saved_cs_client */;

--
-- Dumping data for table `gdptotalbycountry`
--

LOCK TABLES `gdptotalbycountry` WRITE;
/*!40000 ALTER TABLE `gdptotalbycountry` DISABLE KEYS */;
INSERT INTO `gdptotalbycountry` VALUES (1,1,0,0,0,28.2,48.8,49,55.2,58.3,59.9,60.8,62.2,63.8,64.5),(2,2,14.7,13.2,16.8,22.4,28.9,29.7,30.1,30.4,30.9,31.6,32.7,33.9,35.3),(3,3,265.3,268.7,318.4,410.2,464.9,478.3,494.4,508.1,527.4,547.2,565.3,574.3,586.4),(4,4,56.4,47.5,63.8,99.4,148.6,153.7,166.8,175.1,183.6,185.3,180.5,180.2,176.4),(5,5,1.1,1.2,1.6,1.8,1.8,1.8,1.8,1.8,1.9,2,2.1,2.2,2.3),(6,6,371,486.2,552.2,607.5,771.4,817.7,809.3,828.8,807.9,830,812.7,834.4,813.5),(7,7,13.2,7,9,16,19.3,20.2,21.6,22.4,23.2,23.9,24,25.8,27.1),(8,8,489.2,549.6,677.9,794.8,915,937.5,974.1,999.6,1025.2,1049.2,1079.1,1104.3,1135.6),(9,9,240.6,268.6,311.2,339.7,362.4,373,375.6,375.7,378.1,382.5,390.3,400.2,411.2),(10,10,62.9,26.3,37.1,68.7,146.8,144.5,147.7,156.3,160.7,162.4,157.4,157,159.2),(11,11,7.9,7.9,9.8,10.7,10.5,10.6,10.9,10.9,10.9,11,10.8,11,11),(12,12,17.4,24.2,29.9,38.4,50.3,51.3,53.3,56.1,58.6,60.3,62.4,64.7,65.9),(13,13,136.8,170.7,216.1,276.8,371.7,395.7,421.5,446.8,473.9,505,540.9,580.3,625.9),(14,14,3.7,3.5,4.2,4.4,4.6,4.6,4.6,4.6,4.6,4.7,4.8,4.8,4.8),(15,15,85.2,55.7,75.6,108.5,154.3,162.6,165.4,167,169.9,163.4,159.3,163.3,168.3),(16,16,305.5,330.6,381.2,417.1,447.7,455.7,456.8,457.7,463.4,471.5,478.3,486.6,493.6),(17,17,1,1.3,1.7,2.2,2.5,2.6,2.7,2.7,2.8,2.9,2.9,2.9,3),(18,18,7.3,8.9,11.4,13.9,16.7,17.2,18.1,19.4,20.6,21,21.8,23.1,24.7),(19,19,1.2,1.5,2,3,4.7,5,5.3,5.4,5.7,6.1,6.6,6.9,7.1),(20,20,25.4,31.1,36.8,42.8,53.6,56.4,59.3,63.3,66.8,70,73,76.1,79.3),(21,21,0,7,23.8,31.4,36.2,36.5,36.2,37.1,37.5,38.7,39.9,41.1,42.4),(22,22,10.9,13.7,17.6,21,26.3,27.9,29.1,32.4,33.8,33.2,34.6,35.6,37.2),(23,23,1540.9,1792.3,1993.1,2299,2861.2,2975,3032.1,3123.2,3139,3027.7,2927.6,2958.7,2991.8),(24,24,21.9,25.6,27.3,30.3,31.3,32.5,32.8,32.1,31.3,31.1,30.4,30.8,30.8),(25,25,81.1,71,72.2,95.1,113,115.2,115.2,115.8,117.9,122,126.8,131.7,135.7),(26,26,7.4,9,12.5,17,22.2,23.7,25.2,26.7,27.8,28.9,30.6,32.6,34.7),(27,27,5.6,4.9,4.6,5.1,6.4,6.6,6.9,7.3,7.6,7.3,7.2,7.3,7.4),(28,28,0.6,0.9,1.7,2.2,2.9,3,3.1,3.1,3.1,3.2,3.3,3.4,3.6),(29,29,0,11.7,16.8,26.1,36.1,38.7,41.5,44.5,47.7,51.1,54.7,58.5,62.9),(30,30,35.4,32.1,39.8,49.3,58.5,60.9,63.7,67.1,71.1,75.1,78.6,81.4,84.5),(31,31,869.1,945.9,1151.8,1307.7,1384,1427.5,1452.5,1486.2,1528.7,1539,1555.9,1602.4,1632.5),(32,32,2.8,2.9,3.1,3.4,4.3,4.5,4.7,3,3,3.2,3.3,3.5,3.6),(33,33,6.6,7.3,8.3,18.1,22.9,22.9,24.9,26.4,28.2,29,27.1,26.3,27),(34,34,119.1,174,218.5,274.6,330.4,350.6,369.2,384.2,390.9,399.9,406.6,411.8,428.4),(35,35,1727.7,3080.3,4659.1,7434.9,12705.6,13919.1,15013.1,16179.4,17360.5,18559.3,19809.5,21148.1,22543.8),(36,36,255.8,318.5,333.4,398.3,495.5,532,552.7,578,605.3,623.2,636.2,644.8,662),(37,37,1.1,1.1,1.3,1.5,1.7,1.7,1.8,1.9,1.9,1.9,2,2,2.1),(38,38,12.5,12.8,14.5,17.6,22.8,23.5,24.4,25.3,27,27.7,26.9,26.1,26.3),(39,39,48,32.9,27,32.5,42.6,45.5,48.8,52.9,57.9,61.9,63.4,65.8,69.5),(40,40,24.2,31.4,38.8,46.8,59.1,61.6,64.6,66.1,68.4,70.9,73.9,76.4,78.4),(41,41,0,58.9,69.7,86.6,89.2,88.9,86.8,86.4,86.3,88.4,91.5,94.2,96.7),(42,42,13,16.6,20.4,24.8,28.1,28.2,27.4,25.8,25.5,26,27.3,28.5,29.6),(43,43,206.9,199,217.3,263.3,297,302.3,299.8,298.4,306.5,322.8,330.7,345.1,355.1),(44,44,39.2,42.1,49.2,49.2,54.9,52.5,58.1,63.3,68.8,74.9,80.9,87.1,93.6),(45,45,173.7,194.9,226.1,241.5,244.1,247.4,247.9,250.2,254.3,260.2,266.5,272.5,276.4),(46,46,0,0,0,0,0,2.3,0,0,0,0,0,0,0),(47,47,0.5,0.5,0.6,0.6,0.7,0.7,0.7,0.7,0.7,0.7,0.7,0.7,0.7),(48,48,39.3,51.4,70.2,83.2,110.2,113.6,116.7,122.4,131.8,141,150.4,157.2,168.1),(49,49,76.3,88.4,93.3,118.2,139.7,150.7,159.2,167,173.4,173.5,171.4,175.5,177.9),(50,50,331.1,391.6,516.5,614.5,829.2,843.8,862.6,881.5,907.2,946.8,988,1029.3,1084),(51,51,23.8,30,33,35.6,38.8,40.3,41.5,42.4,43.1,44.1,45.2,46.3,47.5),(52,52,0.4,0.9,6.6,23.8,32.1,34.2,37,35.5,35.6,32.4,29.5,28.1,27.3),(53,53,0,4.9,5.7,6.5,6.2,6.8,0,0,0,0,0,0,0),(54,54,0,16.3,21.9,30.9,30.3,32.6,34,34.6,35.6,36.3,37.6,39.4,40.9),(55,55,4.6,5.4,6.2,7.5,8.8,9,9.4,10,10.2,10.2,10.6,10.8,10.8),(56,56,31.4,32.9,41.1,56.2,94.2,104.7,113.8,125.8,138.7,153.1,167.6,183.5,196),(57,57,4.3,4.9,5.4,6.1,6.3,6.5,6.6,6.9,7.3,7.6,7.8,8.2,8.6),(58,58,144.1,141,180.6,205.2,213.7,219.2,216.1,214.4,213.1,214.2,220.1,225.9,231.2),(59,59,1715.9,1829.5,2114,2298.1,2394,2446.5,2454.1,2468.3,2491.9,2519.6,2547.2,2604.8,2649.7),(60,60,18.6,21.6,21.9,23.6,25.2,27,28.4,30,31.3,32.5,33.2,33.3,33.7),(61,61,1.4,1.5,1.9,2.2,2.8,2.7,2.8,2.9,2.9,3.1,3.1,3.2,3.5),(62,62,38.3,10.8,14.4,20.5,26.4,28.3,30.1,31.2,32.6,33.5,34.5,36.2,37.9),(63,63,2485.2,2748.7,3022.5,3109.4,3306.1,3427.1,3444,3460.9,3536.2,3597.7,3678.4,3757.8,3811.3),(64,64,28.1,34.6,42.8,54.7,75,85.5,93.5,100.3,103.2,105.5,109.1,118,125.4),(65,65,210.9,224.4,268.4,324.8,319.5,290.3,269.1,260.4,262.3,261.2,260.7,264.6,269.7),(66,66,0.7,0.7,1,1.2,1.2,1.2,1.2,1.2,1.3,1.4,1.4,1.5,1.6),(67,67,47.3,58.3,70.7,82.1,98.2,102.3,105.4,109.3,113.8,118.5,122.2,125.6,129.5),(68,68,8.5,10.3,12.5,14.6,17,17.9,19,19.7,20.5,21.3,23.6,26.7,29),(69,69,1.6,1.9,1.7,1.8,2.2,2.4,2.3,2.4,2.4,2.6,2.7,2.9,3),(70,70,2.1,3,3.4,3.5,4.4,4.6,4.8,5.1,5.3,5.4,5.6,5.7,5.9),(71,71,14.9,13.1,14.9,14.5,15,15.8,16.3,17,17.5,17.7,17.9,18.2,18.4),(72,72,15.9,18.5,21.7,27.3,32.5,33.8,35.2,36.2,37.3,38.7,40.2,42.1,43.7),(73,73,153.9,199.2,226.7,278.8,337.9,354.2,360.2,371.4,381.6,390.8,399.3,414.6,427.1),(74,74,0,158.3,183.4,226.6,224.1,227.8,224.1,228.7,238.4,246.8,252.5,262.9,275.9),(75,75,7.7,7.8,9.8,12.1,12.8,13,13.2,13.7,14,14.6,15.7,16.4,17.2),(76,76,1664.2,2132.2,2863.6,3914.5,5494.1,5782,6097.5,6486.9,6967.6,7524.8,8139.5,8722.9,9332),(77,77,839.2,1184.3,1228.2,1547.2,2045.3,2171.5,2302.5,2430.4,2552.1,2676.5,2811.3,2953.7,3106.5),(78,78,640.6,753.5,868.7,1099.7,1338,1373.4,1271.1,1268.6,1327,1309.5,1484.9,1540.7,1540.7),(79,79,201.3,132.6,287,294.3,391.2,420.8,479.4,515.8,519.4,532.3,604.5,594.4,598.2),(80,80,76.1,95.5,149.9,193.8,198.4,205.8,206.2,208.9,227.3,284.4,298.6,320.2,341.5),(81,81,96.6,133.7,168.5,184.4,226.2,237.4,242.4,252.5,262.3,269,279.8,289.5,299),(82,82,1766.3,1884.5,2080.4,2179.9,2145.9,2158.3,2097.4,2061.2,2063.5,2082.6,2105.9,2141.4,2159.8),(83,83,17.7,21.4,21.1,23.1,22.5,22.9,22.8,22.9,23.1,23.3,23.6,23.8,24.3),(84,84,3778.1,4067.4,4296.4,4556.1,4578.5,4573.2,4641.6,4734.4,4752.1,4810.3,4839.6,4932.9,4971.8),(85,85,22.4,31.6,37,50.4,68.2,69.9,71.8,73.8,76.1,77.9,79.5,81.2,82.7),(86,86,213.3,131,148.1,242.6,328,352.3,369.2,391.3,407.8,412.7,417.2,434.3,452.1),(87,87,55.7,60.3,67.1,80.2,102.4,108.6,113.6,120.3,126.7,134,141.8,148.7,158.1),(88,88,0.1,0.1,0.2,0.2,0.2,0.2,0.2,0.2,0.2,0.2,0.2,0.2,0.2),(89,89,498.7,747,975.7,1229.5,1504.1,1559.4,1595.2,1641.4,1696.2,1743.6,1794.6,1849.6,1899),(90,90,0,130.5,143.4,212.8,225.5,247.2,263.6,266.6,267.9,269.5,277.4,267.7,271.1),(91,91,15.3,7.7,10.2,12.2,15.2,16.1,16.1,17.8,18.5,19.3,20.1,21,21.8),(92,92,7.3,9.8,13.2,17.9,26.4,28.5,30.8,33.2,35.8,38.4,41,43.9,46.7),(93,93,0,20.6,26.5,39.2,38.3,40.7,42.4,43.4,44.2,45.5,46.5,48.6,50.9),(94,94,15.7,34.7,40.8,49.4,71.4,72,74,75.9,77.3,77.7,78.9,79.3,79.5),(95,95,2.2,2.9,3.3,3.8,4.8,5.2,5.5,5.6,5.7,5.9,6.1,6,6),(96,96,0,0,3.8,3,4.3,4.6,5,5.4,5.5,5.5,5.4,5.5,5.6),(97,97,0,0,117.4,150.9,182.8,69.3,154.7,133.6,101.6,92.6,90,114,122.9),(98,98,0,34,42.7,61.6,65.3,69.2,71.9,74.4,77,78.6,80.4,83.7,86.7),(99,99,22,26.7,35.6,41.2,46.5,47.7,47.5,49.3,51.4,53.4,54.7,55.5,57),(100,100,19.2,18.9,22.8,25.5,29.3,29.7,30.6,31.3,32.4,33.4,34.8,36.3,38.1),(101,101,7,8.1,9.9,11,15.7,16.4,16.7,17.6,18.6,19.1,19.6,20.4,21.1),(102,102,190.3,299.3,378.2,476.7,593.4,624.8,659,689.9,731.4,768.6,801.1,848.3,888.4),(103,103,0,2,2.7,3,4.4,4.8,4.9,5.2,5.6,5.8,6.2,6.6,7),(104,104,10.8,12.6,16,22.5,28.2,29.1,28.9,29.6,31.6,33.5,35.5,37.4,39.2),(105,105,5.7,7.5,9.6,10.6,11.7,11.9,12.2,12.8,13.9,15.3,16.2,17.3,18.4),(106,106,0.1,0.2,0.2,0.2,0.2,0.2,0.2,0.2,0.2,0.2,0.2,0.2,0.2),(107,107,5.7,6.7,7.5,9.3,12,12.5,13.3,14.1,14.9,15.1,15.4,15.8,16.4),(108,108,8,10.2,13.4,15.8,19.9,20.7,21.5,22.2,23,23.8,24.8,25.7,26.7),(109,109,1139.9,1233.1,1595.3,1712.9,1843.8,1911.3,1980.9,2007.8,2064.1,2131.9,2194.2,2239.6,2284.3),(110,110,0.3,0.3,0.3,0.3,0.3,0.4,0.3,0.3,0.3,0.3,0.3,0.4,0.4),(111,111,0,11.6,10.2,14.4,16.9,17.8,17.7,19.3,20.3,20.2,21.1,22.1,23),(112,112,11.2,9.8,11.2,15.3,20.9,24.5,27.5,30.8,33.2,34,34.4,36.2,38.7),(113,113,0,0,6.3,7.2,8.7,9,8.7,9,9.2,9.5,9.8,10.3,10.8),(114,114,98.2,107,130.8,166,211.9,223,229.7,240.2,246.6,257.8,260.7,271.3,279.3),(115,115,5,5.9,10.1,15.5,22.2,23.8,25.5,27.3,29.4,31.3,32.5,33.7,34.8),(116,116,30.2,40.1,60.2,110.3,186.6,197.1,211.5,229.4,247.7,265,280.5,299.5,318.1),(117,117,8.2,9.9,11.7,14.9,18.4,19.3,20.3,21.4,22.8,24.2,24.5,24.3,24.2),(118,118,0,0,0,0,0.1,0.1,0.1,0.1,0.1,0.2,0.2,0.2,0.2),(119,119,22.5,28.9,36.6,43.2,53.7,55.5,58.2,60.6,64.2,66.3,66.7,72,76.5),(120,120,483,541,669.1,715.3,766,777.9,769.9,768.9,779.8,795.1,812.5,835.8,858.2),(121,121,80,93.7,108.4,132,140.2,143.5,146.7,150.5,156.1,161.7,167.6,172.8,177.6),(122,122,12.4,13.6,17.3,20.2,23.1,24.6,26.2,27.5,28.8,30.2,31.5,33,31.7),(123,123,7.2,7.4,8.6,10.4,13.4,13.7,15.3,16.1,17.3,18.1,19,19.9,20.9),(124,124,320,323,375.3,572.3,806.1,848.8,884.7,943.8,1003.3,1029.9,1013.3,1021.4,1041.2),(125,125,19.2,15.2,17.5,19.3,23.5,24.1,24,24.7,25.6,26.5,27.3,27.4,28.1),(126,126,181.6,218.2,260.7,290.6,304.8,307.8,316.2,319.5,325.8,332.2,336.2,342.8,347.8),(127,127,63.5,84.5,99.7,104.1,137.9,136.4,149.1,155.6,159.9,167.5,175.8,174.2,177.9),(128,128,329,412.4,484.1,617.7,730.6,750.7,777,811.2,849.1,889.3,938.4,991.9,1045.8),(129,129,0,0,0.2,0.3,0.2,0.3,0.3,0.3,0.3,0.3,0.3,0.3,0.3),(130,130,0,8.2,10.8,11.9,15.2,17.1,18.2,18.6,18.6,19.2,20.1,20.7,20.9),(131,131,19.4,25.4,32.2,39.8,56.9,63.4,69.6,74.4,78.2,82.6,86.7,91.3,94.7),(132,132,10.2,15.5,15.3,17,22.7,22.9,24,24.9,28.3,31,32.2,32.7,32.9),(133,133,33.5,41.6,42.5,46.7,60.9,63.4,63.1,68.4,71.7,74,77.1,81,83.9),(134,134,116,149.7,170.1,209.7,292.5,311,330.1,349.4,357.7,369.3,384,393.6,409.3),(135,135,248.4,276.5,329.4,412.3,524.6,543.8,580.1,621.1,659.3,699.3,747.4,797.3,847.1),(136,136,391.6,436.1,563.6,656.2,828.2,869.8,883.8,896.1,925.8,961.3,990.8,1038.5,1091.9),(137,137,201.3,219.1,267.5,279.3,288,282.7,271.3,268.3,270.7,275.6,280.9,288.8,295),(138,138,0,0,64.2,95,222.7,252.5,264.3,276,287,297.5,303.8,308.6,313),(139,139,265.6,236.5,233.8,307.6,353.7,360.8,368.3,381.2,394.2,409.5,429.2,459.2,478),(140,140,3094.5,1922.3,2079.3,2800.3,3332.1,3475.4,3604,3668.8,3694.5,3609.3,3621.2,3680.2,3763.2),(141,141,6.3,4,6.4,9.4,14,15.1,16.4,17.2,18.5,20.2,21.4,22.7,24.6),(142,142,0.6,0.8,1,1.2,1.2,1.2,1.2,1.3,1.4,1.4,1.4,1.4,1.5),(143,143,1.3,1.5,1.7,1.8,2,2.1,2.1,2.1,2.1,2.1,2.2,2.2,2.2),(144,144,0.6,0.7,0.8,1,1.1,1.1,1.1,1.1,1.1,1.1,1.2,1.2,1.2),(145,145,0.6,0.6,0.8,1,1,1.1,1.1,1,1.1,1.1,1.2,1.2,1.2),(146,146,0,0,2.1,2.4,2.3,2.1,1.9,1.9,1.8,1.9,1.9,1.9,1.9),(147,147,0,0,0,0.3,0.5,0.5,0.5,0.5,0.6,0.6,0.6,0.6,0.6),(148,148,693.2,824,894.3,1088.6,1245.7,1370.2,1444.4,1483.4,1537.6,1600.7,1627.4,1615.4,1651.1),(149,149,17.5,19.4,23.7,29.7,35.2,35.7,37.5,38.6,41.1,43.8,46.5,49.8,53.2),(150,150,0,56,59.7,80.6,97.5,99.4,98.8,101.6,100,101.8,105.2,107.3,112),(151,151,1,1.1,1.5,1.5,1.8,2,2,2.1,2.2,2.3,2.4,2.5,2.6),(152,152,5.4,4.1,4.2,6,7.8,8.2,9.5,11.5,12,9.5,10.1,10.5,10.9),(153,153,106.4,160.7,210.9,267.2,370.9,394.1,411.7,431.5,448.3,461.3,475,492.5,508),(154,154,0,70.7,84.1,107.6,135.6,139.5,141.8,143.9,147.8,154,158.8,163.9,170.6),(155,155,37.8,36.7,45.2,53.9,58.8,59.1,57.6,56.9,58.6,59.9,61.8,64.8,67.7),(156,156,0.6,0.9,0.8,0.8,1,1.1,1.2,1.2,1.2,1.3,1.3,1.4,1.4),(157,157,364.3,380.1,436.2,526.4,613.2,633.4,647.4,663.5,675.7,684.4,688.2,697.3,701.6),(158,158,0,0,0,0,38.2,36.4,19.6,22.2,22.9,20.5,18.2,18.2,18.2),(159,159,923.4,995.1,1215.7,1436.3,1514.1,1499,1455.1,1430.3,1450,1502.8,1550.5,1596.7,1637.9),(160,160,62.6,81.4,104.1,126.4,172.3,186.8,203.8,210.8,221.2,232.3,242.7,251,259.1),(161,161,45.2,58,77.6,105.9,149.6,146.7,147.5,153.9,158.1,165.8,173.6,181,176.8),(162,162,4.2,4.2,4.6,6,7.5,7.9,8.1,8.4,8.4,8.1,7.7,7.8,7.9),(163,163,265.1,274.7,327.4,372.6,403.2,414,412.7,417.8,428.7,447.8,459.8,469.5,480.6),(164,164,323.6,325.7,364.8,392.5,437.1,444.5,449,457.3,468.5,474.8,482.4,490.2,502.6),(165,165,19.3,7.4,7.4,11.7,16.1,17.3,18.6,20,21.3,22.6,24.1,26,27.9),(166,166,37.9,41.4,50.9,71.3,95.9,103.3,108,115.3,123,130.6,139.6,149.1,156.8),(167,167,376.3,558.1,578.5,754.1,906.4,914,980.2,1006.6,1016.5,1048.3,1083.5,1127.1,1173.7),(168,168,0,0,2.9,6.5,9.8,11,11.5,10.2,7.6,9.2,9.2,8.4,8.6),(169,169,4.9,4.9,6.1,6.4,8,8.5,9,9.6,10.2,10.7,11.3,11.8,12.3),(170,170,0.3,0.4,0.5,0.5,0.5,0.5,0.5,0.5,0.5,0.6,0.6,0.6,0.6),(171,171,13.3,16.2,23.2,34.3,41.5,41.4,41.9,42.8,42.4,43.1,40.3,39.5,39.8),(172,172,46.2,55.9,73.5,88.9,111,108.9,113.3,116.5,120,121.4,123,125.2,128.3),(173,173,614.7,720,876.6,1107.5,1298.9,1443.3,1512.4,1640.9,1725.6,1830.7,1888.9,2029.5,2081.6),(174,174,30.6,19.4,24.1,30.9,50.6,58,64.5,71,78.3,83.4,88.6,94.4,100.2),(175,175,0,0,0,0,0,0,0,0,0,0,0,0,0),(176,176,13.4,18.8,25.2,34.9,51.4,56.2,58.4,60.5,63.6,66.9,70.1,72.8,77.2),(177,177,543,260.6,235.9,342.9,358.9,378.5,379.4,379.3,354.5,319.8,327.6,335.7,346.9),(178,178,205.4,247.3,323.8,420.4,473.4,506.2,528.9,555.6,580,609.4,627.6,632.6,641.6),(179,179,1527.1,1654.5,1952.4,2245.2,2291.5,2329.2,2362.9,2411.3,2482.3,2540.7,2586.1,2633.3,2670.1),(180,180,9189.3,10430.3,12883.9,14631.9,15305.2,15542.6,15892.2,16185,16581.8,17059.5,17326.9,17711,18217),(181,181,30.6,37.1,42.8,43.2,57.6,60.6,62.8,65.7,67.8,68.1,69.2,71,72.1),(182,182,63.4,51.4,62.1,80.6,121.1,131.1,141.9,153.3,164.3,176.5,187.3,195.6,205.7),(183,183,0.4,0.4,0.5,0.5,0.7,0.7,0.7,0.7,0.7,0.7,0.8,0.8,0.8),(184,184,287,340,353,400.4,480.3,500.3,528.5,535.6,514.7,514.7,514.7,514.7,514.7),(185,185,99.1,147,205.7,287.1,390,414.3,436.1,459.7,487.2,519.8,552.1,589.7,631.4),(186,186,40.1,54.1,69.6,85.5,105.7,92.3,94.5,99.1,98.9,82.4,71.2,66.9,65.1),(187,187,18.8,18.5,22.1,29.9,45.4,47.9,51.6,54.2,56.7,58.4,60.6,62.7,65),(188,188,29.4,31.2,35,23.8,24.5,28,32.6,33.3,34.1,34.7,34.9,36.6,38.8),(189,189,0,0,0,0,0,0,0,0,0,0,0,0,0),(190,190,0,0,0,0,0,0,0,0,0,0,0,0,0),(191,191,0,0,0,0,0,0,0,0,0,0,0,0,0),(192,192,0,0,0,0,0,0,0,0,0,0,0,0,0),(194,194,33049,35844.2,42103.7,48115.7,52009.9,53364.4,54260.8,55233.7,56411.2,57708.1,58701.5,60146,61524.7),(195,195,9378,11789.8,14707.7,19550.2,27599.2,29287.2,30921.1,32566,34141.5,35595.2,37353.1,39234.7,41156.7),(196,196,2977.4,3596.6,4806.7,6373.6,8692.5,9155.1,9685,10269.4,10916.5,11656.7,12507.7,13283.9,14105.7),(197,197,733.6,779.5,931.4,1304.1,1822.2,1885.6,1947.9,2070.4,2193,2259.7,2289,2357.9,2428.6),(198,198,15833.7,19578.4,24553.3,32369.4,44431.7,47156.7,49675.9,52357.6,54950.4,57510.2,60313,63284.8,66284.4),(200,200,2044.9,2452.7,3234.6,3987.1,4956.6,5108.3,5443.5,5610.3,5742,5925.9,6129.1,6201,6344.8),(201,201,3675,5826.5,7745.8,11412.8,17880.7,19347.8,20773.5,22235.3,23698.8,25205.2,26775.2,28480.1,30251.4),(202,202,1733.3,1400.3,1634.7,2217.3,2747.4,2968.9,3082.4,3272.6,3380.2,3476.5,3565,3760.9,3880.1),(203,203,4247.5,4996.6,5804.4,6594.7,7922.4,8287.2,8526.6,8772,8884,8933.3,8939.6,9096.1,9235.4),(204,204,2856.8,3582.6,4577.9,6112.5,8218.1,8602.8,8894.6,9353.9,9974.3,10599.8,11488.1,12236.2,12958.6),(205,205,1276.2,1319.8,1555.9,2045,2706.6,2841.7,2955.3,3113.5,3271.1,3369.4,3416.1,3510.6,3614),(206,206,638.5,729.2,926.8,1280.5,1823.9,1897,1982.4,2100.6,2218.2,2311.4,2406.3,2531.9,2651.3),(207,207,262,352.9,449.8,554.6,724.5,757.7,784.8,816.7,848.8,880.2,906.6,935.8,967.7),(208,208,28564.2,32046.8,37975,42465.4,44899.5,45806.3,46427.5,47152.6,48178.6,49411,50317,51593.4,52777.2),(209,209,46138,52010.1,62551.7,75346.2,90126.2,93694.5,96816.9,100141.6,103664.2,107221.7,110853.5,115024.7,119217.8);
/*!40000 ALTER TABLE `gdptotalbycountry` ENABLE KEYS */;
UNLOCK TABLES;

--
-- Table structure for table `malegnibycountry`
--

DROP TABLE IF EXISTS `malegnibycountry`;
/*!40101 SET @saved_cs_client     = @@character_set_client */;
/*!50503 SET character_set_client = utf8mb4 */;
CREATE TABLE `malegnibycountry` (
  `id` int(11) NOT NULL AUTO_INCREMENT,
  `countryId` int(11) NOT NULL,
  `1995` int(11) DEFAULT NULL,
  `2000` int(11) DEFAULT NULL,
  `2005` int(11) DEFAULT NULL,
  `2010` int(11) DEFAULT NULL,
  `2011` int(11) DEFAULT NULL,
  `2012` int(11) DEFAULT NULL,
  `2013` int(11) DEFAULT NULL,
  `2014` int(11) DEFAULT NULL,
  `2015` int(11) DEFAULT NULL,
  `2016` int(11) DEFAULT NULL,
  `2017` int(11) DEFAULT NULL,
  `2018` int(11) DEFAULT NULL,
  PRIMARY KEY (`id`)
) ENGINE=MyISAM AUTO_INCREMENT=207 DEFAULT CHARSET=latin1;
/*!40101 SET character_set_client = @saved_cs_client */;

--
-- Dumping data for table `malegnibycountry`
--

LOCK TABLES `malegnibycountry` WRITE;
/*!40000 ALTER TABLE `malegnibycountry` DISABLE KEYS */;
INSERT INTO `malegnibycountry` VALUES (1,1,1756,1167,1699,2353,2275,2472,2509,2466,2432,2396,2386,2355),(2,2,5338,7219,9769,12176,12702,12176,12898,13135,13010,13794,14150,14727),(3,3,15808,17133,20250,22062,21790,21570,21541,22101,22403,23284,23024,22980),(4,4,3294,3567,5214,6734,6710,7093,7280,7495,7439,6986,6865,6407),(5,5,18633,20200,19390,24678,26077,25542,26002,25138,25457,24394,24541,23418),(6,6,2827,4409,7955,10150,9770,10473,11078,11237,11380,11269,12294,12582),(7,7,38073,43798,47018,48252,48483,49952,50665,51038,51717,52003,51990,52363),(8,8,44339,53739,56866,54650,59600,59312,58844,54456,57604,58366,59314,60303),(9,9,4274,5468,9993,20475,19859,20938,21935,21693,21519,20555,20777,20655),(10,10,38462,39123,39213,35026,34833,35755,35255,34615,34828,33737,33805,34290),(11,11,60104,61366,54223,43083,41039,48346,50429,49056,56296,55185,54954,52952),(12,12,2471,2790,3291,4174,4364,4592,4604,4740,4956,5186,5334,5700),(13,13,15902,18269,18535,18592,17989,18508,18140,17866,18018,18391,18445,18292),(14,14,6678,9079,13600,19578,20934,21155,21070,21260,20184,19369,20019,20616),(15,15,44538,49766,51700,52542,51819,52332,51036,50839,50269,51165,52394,52926),(16,16,8912,9481,9865,9421,9678,8973,8886,8970,9349,8768,8519,8618),(17,17,1930,2058,2059,2025,2065,2089,2177,2251,2229,2261,2319,2407),(18,18,3179,4324,5522,7699,8185,8076,8736,9282,9665,10147,10420,10579),(19,19,5157,5491,5664,6647,6755,6996,7311,7559,7988,8246,8511,8780),(20,20,2151,9502,11825,13273,12923,13573,14227,14579,15273,15998,16484,17122),(21,21,11622,12424,13702,14605,15924,16479,17250,17803,17356,17255,17499,17853),(22,22,14446,14427,14269,17604,17529,17370,19095,18327,16348,17747,17704,17827),(23,23,117078,107442,107031,99508,93647,93123,91024,88147,89831,88186,87388,86072),(24,24,9909,10784,15067,18171,18335,18883,18821,19633,20312,21620,22954,23904),(25,25,1087,1331,1621,1728,1758,1843,1888,1876,1883,1927,1996,2077),(26,26,901,818,765,790,621,630,641,644,602,579,563,555),(27,27,3370,5081,5948,6873,7063,6955,6937,6728,6746,6976,7170,7497),(28,28,1258,1267,2229,2782,3032,3032,3272,3410,3543,3687,3882,4089),(29,29,2659,2859,3194,3350,3393,3432,3505,3650,3730,3786,3807,3858),(30,30,40410,46742,49306,48524,49346,49690,50300,51315,51372,51248,52118,52218),(31,31,1084,1030,1024,1182,1225,1284,821,820,853,882,909,935),(32,32,1285,1217,1884,2237,2182,2297,2289,2371,2401,2203,2081,2056),(33,33,17485,20144,22000,24410,25678,27122,28063,28391,28793,28836,28229,28932),(34,34,3044,4406,6879,11299,12262,13261,14147,15257,16162,17171,18273,19410),(35,35,11703,10707,12007,12986,13627,14082,14571,15538,15758,15921,15760,15657),(36,36,3211,3285,3161,3089,3125,3146,3202,3183,3150,3139,3142,3030),(37,37,4737,4202,3499,4624,4547,5424,5849,6800,8728,7735,6929,6621),(38,38,794,649,648,722,740,763,768,817,858,910,901,917),(39,39,12667,13045,13448,16047,16285,16624,16711,17275,17470,18558,18842,19016),(40,40,16749,18571,23426,23754,24116,23456,23425,23290,24358,24827,26278,26959),(41,41,4722,5797,7216,8879,9180,9491,9743,9813,10247,10305,10499,10625),(42,42,32442,35189,40847,39767,39643,36860,34159,34002,35887,36389,37475,38403),(43,43,24597,26616,31667,33980,33881,33927,33594,34241,35826,36518,38050,39326),(44,44,3756,3751,3522,3926,3649,3958,4145,4463,4695,5066,5115,5355),(45,45,45777,50660,54718,52610,52867,52714,53261,54361,55135,55438,56153,56731),(46,46,2725,2492,2740,3010,3052,3134,3345,3561,3817,4050,4068,4232),(47,47,9251,11353,11931,14689,14500,14532,15026,16041,16692,17453,17888,18975),(48,48,10224,9371,11072,12169,12949,13381,13894,14312,13798,13090,13067,12960),(49,49,10125,12436,13235,15901,14805,14784,15163,15238,15634,16322,16571,16989),(50,50,7493,7512,7707,7613,7853,8032,7715,8109,8341,8514,8772,8943),(51,51,2472,11836,26841,26840,27622,29450,28501,27956,28745,26204,23826,21808),(52,52,2829,3073,2744,2292,2460,1855,1905,1920,1927,1918,1967,2011),(53,53,14659,19065,27156,27247,29544,31386,32793,33880,34511,35675,37407,38653),(54,54,8316,8789,11119,10882,11489,11883,12122,12080,12026,12055,11895,11798),(55,55,729,768,971,1358,1470,1551,1667,1781,1904,2025,2148,2231),(56,56,8879,9930,10346,9227,9344,9461,10116,10574,11239,11632,11910,12293),(57,57,32714,42248,47349,46943,48471,46213,46579,46090,45805,47300,47963,48689),(58,58,39595,45355,46698,45301,46214,45569,45470,45946,46281,46549,47845,48507),(59,59,26605,21959,21882,18179,17908,19384,19987,21716,20892,20918,20765,20182),(60,60,1783,1832,1790,2236,2065,2116,2173,2083,2133,2086,2115,2190),(61,61,3164,5052,7772,9497,10212,11134,11233,11893,11804,11848,12353,12929),(62,62,44371,47371,48480,50289,53275,53339,52865,53543,53863,54229,55143,55652),(63,63,2333,2495,2894,3430,3772,3953,4297,4289,4454,4478,4696,4889),(64,64,30675,34008,37352,35179,31705,30408,29416,29548,29390,29334,29977,30262),(65,65,8178,8463,8543,9023,9415,8857,9292,9457,9537,9742,9838,9970),(66,66,1700,1822,1780,1853,1903,1985,2026,2092,2120,2306,2564,2569),(67,67,2004,1714,1677,1708,1814,1735,1701,1766,1804,1871,1882,1895),(68,68,5030,6453,6908,8337,8664,9045,9292,9548,9779,10118,10286,10532),(69,69,2119,2152,1880,1794,1861,1887,1923,1951,1945,1951,1949,1949),(70,70,4398,4584,4474,4632,4833,4973,4867,4790,5011,5052,5172,5304),(71,71,44370,45961,53968,63014,67597,66241,68614,68628,70203,73733,77185,79385),(72,72,19203,21794,25693,26161,26794,26856,27752,28366,29658,31311,32248,33905),(73,73,34440,40256,46357,38534,40690,42109,47152,47610,49228,52618,54760,55827),(74,74,3353,4101,5114,6819,7169,7517,7886,8367,8919,9533,10097,10713),(75,75,8036,7640,9184,11081,11520,11985,12539,13008,13178,13792,14219,14788),(76,76,22033,22832,26040,30513,31109,28751,28436,29356,28192,31049,31783,30250),(77,77,12035,21929,19632,23240,23913,26423,26915,26238,25918,28571,27273,26746),(78,78,33094,45279,51986,44135,44174,43727,45852,49768,55416,61247,63257,66587),(79,79,30547,31652,32686,37548,38828,38207,38796,40155,39966,41225,41806,42791),(80,80,46924,51173,51698,46958,46929,45123,44231,43777,44170,44905,45692,46357),(81,81,9919,9731,10015,9448,9557,9627,9468,9481,9411,9319,9487,9559),(82,82,44179,46452,48913,50121,49943,50537,51540,51526,52208,51927,52861,53387),(83,83,11220,12518,15339,15545,15089,14655,14465,14231,14017,13669,13661,13668),(84,84,10593,12953,20216,22738,22846,23813,26107,27595,29502,28090,28026,28198),(85,85,2452,2423,2643,2840,2938,2969,3032,3093,3189,3300,3358,3490),(86,86,24033,29793,36381,42018,43384,44132,45016,46092,47241,48110,49115,50242),(87,87,128822,109089,134480,103636,106042,108030,102898,98957,93316,93274,89521,85615),(88,88,2063,2454,2930,3453,3460,3686,3957,4074,4097,4171,4300,4465),(89,89,2340,2765,3500,4802,5052,5433,5811,6211,6557,6902,7190,7595),(90,90,10725,14333,22157,22040,23796,24838,25919,26767,27715,28332,29822,31520),(91,91,16797,17650,16986,22475,21733,20987,20174,19282,18575,18216,18330,17529),(92,92,2397,2465,2980,3649,3657,3747,3754,3736,3840,3990,3841,3864),(93,93,318,1426,1057,1032,1106,1116,1177,1152,1134,1085,1075,1030),(94,94,32533,31594,36958,46013,17418,38851,18758,14516,14139,13735,17277,18364),(95,95,11904,14739,22821,23930,25630,27028,28789,30425,30248,31253,32976,34558),(96,96,96516,108755,111181,79101,76102,73831,71587,69620,76657,75872,77721,77847),(97,97,1557,1656,1597,1638,1607,1582,1580,1601,1597,1614,1655,1690),(98,98,914,999,1008,1231,1260,1287,1310,1348,1344,1365,1386,1400),(99,99,19383,20895,24637,26164,27095,27525,28050,29214,30320,31091,32499,33279),(100,100,11360,13232,12700,14253,14941,14689,14509,14932,14920,15237,15378,15577),(101,101,1638,1842,2175,2244,2526,2421,2435,2532,2526,2539,2616,2618),(102,102,31392,36410,38516,38642,39310,38889,38217,40321,42591,42261,42819,44515),(103,103,4287,4428,4894,5036,4998,5093,5251,5328,5307,5318,5371,5462),(104,104,13198,16299,18306,22654,23344,25093,25939,26795,27678,29043,30367,31386),(105,105,19224,22965,22453,22139,22369,22689,22455,23065,23486,23873,24183,24287),(106,106,3597,3284,5268,5770,6080,6152,6717,7054,6811,7167,7575,7861),(107,107,5168,5267,6983,8340,9769,10351,12319,11428,11538,11446,10947,11931),(109,109,6172,7084,8480,10029,10382,10554,10945,11013,11444,11470,11794,12020),(110,110,393,602,797,994,1061,1121,1174,1221,1260,1264,1265,1284),(111,111,1200,1709,3026,4903,5144,5267,5717,6077,6718,7172,7625,8076),(112,112,8025,8630,9671,9779,10177,10312,10728,11043,11607,11067,10626,10497),(113,113,1587,1992,2063,2419,2508,2667,2819,3054,3170,3171,3370,3510),(114,114,47057,53937,52291,55699,56656,55962,55535,55440,56215,56148,58392,59537),(115,115,30642,33512,37175,38862,39549,40234,40954,41709,42575,43051,43218,43743),(116,116,4017,4878,5146,5563,5832,6108,6315,5152,5289,5432,5590,5318),(118,118,3659,3577,4796,5600,5727,5807,6013,6324,6372,6140,5981,5838),(119,119,10197,11476,12423,14078,14171,14121,14296,15144,15506,15949,15920,16279),(120,120,60959,69954,76723,70672,70075,70712,70654,72509,74252,74389,75111,75688),(121,121,57952,66607,61632,61845,55979,56150,55194,51727,52962,53027,50668,50238),(122,122,5887,5917,6777,7017,7113,7243,7416,7670,7812,8109,8353,8604),(123,123,6516,7217,6491,7153,7761,8094,8198,8040,8364,8599,8663,8704),(124,124,11760,13174,14371,18080,20752,21644,22840,22525,22977,23400,24313,24787),(125,125,3219,2821,2814,3199,3230,3302,3171,3869,4160,4240,4188,4106),(126,126,10348,9833,9252,12361,12547,11924,12882,13549,13568,14022,14659,15001),(127,127,8001,8638,9550,12272,12813,13659,14490,14665,15413,15411,15435,15853),(128,128,5178,6247,6944,8208,8297,8756,9295,9637,10103,10343,11042,11518),(129,129,14070,18460,21535,25582,26850,27188,28055,28843,29975,30541,31975,33738),(130,130,28679,32608,31633,30636,31373,29737,30012,30305,30334,31179,32130,32737),(131,131,101023,129495,129156,130152,134271,131020,129869,129252,131891,131347,130648,127778),(132,132,12791,12835,16962,20924,21320,21704,22259,23033,23978,25428,27227,28567),(133,133,16429,17400,23766,27729,28883,29888,30341,30129,29673,29739,30207,30905),(134,134,803,911,1202,1530,1660,1753,1782,1860,1967,2026,2095,2218),(135,135,12081,12386,12106,14075,14456,14258,14081,13081,12808,13595,14025,14045),(136,136,8757,9853,11588,12598,12182,12644,12590,13275,14648,14083,14091,14780),(137,137,4289,5303,6698,6672,6951,7048,6846,6956,7131,7571,7675,7685),(138,138,2465,2510,3061,3502,3633,3566,3715,3977,3951,4041,4074,4162),(139,139,73265,71011,71424,70525,74175,74979,75260,75569,76776,75406,72578,72325),(140,140,3267,3531,3899,3856,3759,3816,3787,3888,3978,4090,4243,4396),(141,141,9490,10335,13986,15225,16199,16068,16145,16177,16378,16731,16890,17994),(142,142,1030,1007,1187,1356,1374,1621,1843,1857,1456,1360,1501,1525),(143,143,61817,68397,77029,88632,82426,83274,84833,88619,85240,86713,89648,92168),(144,144,16921,19616,24622,31086,31966,32906,33297,34171,34714,35779,36683,38044),(145,145,23116,28226,29845,31739,31705,30616,31016,31852,31410,32182,34032,35486),(146,146,1852,2267,2100,1654,1814,2237,2387,2394,2482,2425,2399,2469),(147,147,11699,11930,13694,14705,14769,14676,14852,14873,14975,14810,14679,14554),(149,149,35036,40854,42566,40081,39096,38289,37590,38435,39549,40279,41334,42252),(150,150,6432,7956,9170,12339,13224,14521,14524,15072,15504,16230,16518,16852),(151,151,2896,3418,4065,4974,5543,5943,4233,5929,6115,6236,6369,6168),(152,152,13626,13260,16220,18387,18437,19074,19573,19678,19114,17014,15417,15869),(153,153,35135,44359,50247,51777,52200,50296,50417,51065,52006,52583,53393,53975),(154,154,61953,69371,71619,72847,69811,67608,67724,67669,69027,68189,67299,69645),(155,155,7525,7773,9128,10535,9981,7945,6167,4943,4651,4463,4603,4779),(156,156,1968,1811,2677,4497,4773,5021,5341,5256,5193,5334,5502,5881),(157,157,1627,1823,2139,2447,2564,2426,2525,2826,2903,2998,3104,3175),(158,158,11414,11146,13657,15028,14812,15456,15446,15941,16199,16705,17367,18032),(159,159,8225,7177,2664,10980,10712,6357,9417,8556,12491,10600,9451,9619),(160,160,1340,1419,1320,1533,1673,1669,1731,1791,1926,1930,1947,1989),(161,161,5937,6332,6625,6852,7047,7179,7092,7169,7481,7514,7721,7748),(162,162,16486,23143,32827,36468,33783,34803,36205,35483,38247,35228,35305,34878),(163,163,9478,11645,13328,15499,15049,15496,15697,16194,16335,16451,16532,16722),(164,164,18655,21541,25923,25618,27750,28386,30098,31194,32123,32355,33866,34138),(165,165,6096,6570,7918,11705,13028,14256,15563,16820,18219,19668,20294,21214),(166,166,1120,1279,1485,2016,2139,2140,2147,2177,2214,2230,2216,2247),(167,167,6198,6066,9392,9704,10395,10438,10408,10433,9427,9727,9814,10232),(168,168,146252,145570,119966,67774,69602,71827,76110,79977,84480,86464,86060,85771),(169,169,37521,42402,46551,48304,48863,48216,48314,49235,49317,49593,50430,50772),(170,170,49593,57344,62015,60900,61578,62555,63289,64293,65669,66146,67078,68064),(171,171,15276,16941,16526,21543,22425,22053,23727,24040,24461,24020,24271,24291),(172,172,2955,3240,4009,5574,5925,6358,6837,7126,7369,7639,7926,8277),(173,173,3030,3376,3069,3459,3422,3266,3444,3464,3258,3358,3389,3413),(174,174,21248,20075,20392,20828,21009,21802,21680,21284,18848,15850,13571,11547),(175,175,2293,3220,3707,4770,4970,5096,5259,5473,5720,6078,6379,6703),(176,176,3014,4495,5404,6522,6941,6093,6189,6134,4971,3666,2814,2679),(177,177,2288,2439,2817,3661,3820,4133,4081,4227,4223,4220,4133,4164),(178,178,3157,3377,2255,1958,2158,2502,2596,2619,2580,2602,2684,3080),(191,191,35898,40473,44337,45301,46209,46579,47108,47682,48468,48804,49617,50298),(192,192,6923,8021,9982,13300,13814,14448,15097,15773,16123,16934,17613,18272),(193,193,3521,4262,5112,6505,6801,7116,7420,7777,8194,8685,9078,9528),(194,194,2202,2272,2722,3214,3281,3211,3160,3330,3332,3272,3245,3232),(195,195,6137,6999,8413,10603,11023,11420,11858,12333,12667,13179,13610,14040),(197,197,18516,20509,22169,24175,24083,24883,24682,24896,25305,25714,25375,25343),(198,198,4217,5308,7507,11130,11869,12678,13420,14324,15035,15874,16790,17729),(199,199,9347,10968,14592,16048,17067,17554,18498,19107,19448,19570,20274,20675),(200,200,14237,15113,15224,17214,17516,17664,18394,18307,17734,18079,18040,18005),(201,201,4359,4968,5973,7533,7847,8053,8329,8764,9153,9774,10255,10693),(202,202,2941,2965,3428,3854,3926,3938,4037,4167,4219,4171,4148,4133),(203,203,1716,1920,2309,2906,3027,3064,3063,3232,3302,3333,3382,3462),(204,204,11150,12857,14086,16979,16464,16841,17262,17831,18090,18267,18654,19066),(205,205,37824,42892,45818,45841,46529,46752,47124,47754,48559,48942,49834,50531),(206,206,12168,13528,15131,16856,17286,17603,17988,18430,18788,19243,19715,20168);
/*!40000 ALTER TABLE `malegnibycountry` ENABLE KEYS */;
UNLOCK TABLES;

--
-- Table structure for table `test`
--

DROP TABLE IF EXISTS `test`;
/*!40101 SET @saved_cs_client     = @@character_set_client */;
/*!50503 SET character_set_client = utf8mb4 */;
CREATE TABLE `test` (
  `idtest` int(11) NOT NULL,
  PRIMARY KEY (`idtest`)
) ENGINE=MyISAM DEFAULT CHARSET=latin1;
/*!40101 SET character_set_client = @saved_cs_client */;

--
-- Dumping data for table `test`
--

LOCK TABLES `test` WRITE;
/*!40000 ALTER TABLE `test` DISABLE KEYS */;
/*!40000 ALTER TABLE `test` ENABLE KEYS */;
UNLOCK TABLES;
/*!40103 SET TIME_ZONE=@OLD_TIME_ZONE */;

/*!40101 SET SQL_MODE=@OLD_SQL_MODE */;
/*!40014 SET FOREIGN_KEY_CHECKS=@OLD_FOREIGN_KEY_CHECKS */;
/*!40014 SET UNIQUE_CHECKS=@OLD_UNIQUE_CHECKS */;
/*!40101 SET CHARACTER_SET_CLIENT=@OLD_CHARACTER_SET_CLIENT */;
/*!40101 SET CHARACTER_SET_RESULTS=@OLD_CHARACTER_SET_RESULTS */;
/*!40101 SET COLLATION_CONNECTION=@OLD_COLLATION_CONNECTION */;
/*!40111 SET SQL_NOTES=@OLD_SQL_NOTES */;

-- Dump completed on 2022-03-25 12:42:08
